SampleA,SampleB
SampleA,1,0.654066534167664
SampleB,0.654066534167664,1
