SampleA,SampleB
SampleA,1,0.96723228317233
SampleB,0.96723228317233,1
